category,rating,label,text_,text_raw,review_id,user_id,date_raw,timestamp,product_id,platform,source,rating_source
amazon_B08N5WRWNW,3.0,,word even,{'word': 'even',{'word': 'in','weight': 0.34501619464272254},'weight': 0.3246157983803884},,B08N5WRWNW,amazon,local_cache,default
amazon_B08N5WRWNW,3.0,,word not,{'word': 'not',3,"'weight': -0.17114679395484372}]""",default,,B08N5WRWNW,amazon,local_cache,default
amazon_B08N5WRWNW,3.0,,word ve,{'word': 've',{'word': 'any','weight': -0.3632720410287001},'weight': 0.35975222814840485},,B08N5WRWNW,amazon,local_cache,default
amazon_B08N5WRWNW,3.0,,word can,{'word': 'can',{'word': 'period','weight': 0.3561369196417623},'weight': 0.3432039247687421},,B08N5WRWNW,amazon,local_cache,default
amazon_B08N5WRWNW,3.0,,word price,{'word': 'price',{'word': 'reasonable','weight': 0.40666714698174766},'weight': 0.3650338852107803},,B08N5WRWNW,amazon,local_cache,default
amazon_B08N5WRWNW,3.0,,word very good,{'word': 'very good',{'word': 'quality is','weight': -0.782610150312686},'weight': -0.39981143170597866},,B08N5WRWNW,amazon,local_cache,default
amazon_B08N5WRWNW,3.0,,word value,{'word': 'value',{'word': 'value for','weight': -0.5474508565190636},'weight': -0.18680368474553655},,B08N5WRWNW,amazon,local_cache,default
amazon_B08N5WRWNW,3.0,,word good,{'word': 'good',{'word': 'sound','weight': 0.28645192833432376},"'weight': -0.0215191364761205}]""",,B08N5WRWNW,amazon,local_cache,default
amazon_B08N5WRWNW,3.0,,i switched from windows to macos in recent times and here is my review not an easy task to get adjusted takes time but worth it battery is amazing i do coding everyday and performance is way better than windows on screen time is 2 3 days for me with battery camera could have been better with 1080p but you can t expect more with this price touch pad works well doesn t affect your woek style without google search it is highly impossible at the beginning to work with mac but once you re familiar it s worth itsummary great buy amazon did fulfill the needs got it for reduced amount with all the offer if you re looking for a coding laptop this is the one,"I switched from Windows to macos in recent times and here is my review:-not an easy task to get adjusted, takes time but worth it-battery is amazing-I do coding everyday and performance is way better than Windows, on screen time is 2 3 days for me with battery-camera could have been better with 1080p but you can't expect more with this price-touch pad works well, doesn't affect your woek style-without Google search it is highly impossible at the beginning to work with mac but once you're familiar it's worth itSummary : great buy, amazon did fulfill the needs got it for reduced amount with all the offer, if you're looking for a coding laptop this is the one",B08N5WRWNW_1,unknown,27 January 2022,2022-01-27T00:00:00,B08N5WRWNW,amazon,serpapi_amazon_product,parsed
amazon_B08N5WRWNW,3.0,,5 stars i ve been an apple customer for decades this macbook is awesome perfect monitor size and light enough to travel with,5 stars. I've been an apple customer for decades. This macbook is awesome – perfect monitor size and light enough to travel with.,B08N5WRWNW_2,unknown,5 April 2025,2025-04-05T00:00:00,B08N5WRWNW,amazon,serpapi_amazon_product,parsed
amazon_B08N5WRWNW,3.0,,as an avid apple fan i was really excited to get this m1 macbook pro as my first ever mac and going a few weeks using it it definitely lives up to its reputation i have the 512gb ssd 8gb ram configuration battery it sips battery life and i can easily last a day of extensive graphic designing and editing and a few hours worth of calls and still have a little below 50 left ecosystem i already had an iphone and an ipad and getting another apple device just adds into the ecosystem i can receive calls transfer documents and carry over my work from one device to another performance this mbp boasts power most apps open instantly from chrome to adobe premiere pro and it handles tasks like a beast it has a gorgeous display perfect for color accurate work and has loud extremely good speakers attending calls and multitasking is super intuitive and with macos big sur the whole system is snappy it s so good that i almost never shut it down it instantly wakes up from sleep and i m ready to get going really there are only some minor inconveniences here there are only two thunderbolt ports and a headphone jack that is a limitation at times it s a bit heavy at 1 4kg but if most of your work is mostly desk orientated then it shouldn t be a problem another issue is the app compatibility thing with m1 since these macs are now arm based and not x64 like their intel counterparts you may run into some silly stuff occasionally but that s part of the process i d suggest you check in advance if your favorite and essential apps are working with these silicon macs overall anyone looking to upgrade their experience to a whole new level look no further i have been loving this machine so much that i doubt that i m ever returning back to windows,"As an avid Apple fan, I was really excited to get this M1 MacBook Pro as my first ever Mac. And going a few weeks using it, it definitely lives up to its reputation! I have the 512gb SSD 8gb RAM configuration.Battery: It sips battery life and I can easily last a day of extensive graphic designing and editing and a few hours worth of calls and still have a little below 50% left!Ecosystem: I already had an iPhone and an iPad and getting another Apple device just adds into the ecosystem. I can receive calls, transfer documents and carry over my work from one device to another!Performance: This MBP boasts power. Most apps open instantly from Chrome to Adobe Premiere Pro and it handles tasks like a beast! It has a gorgeous display perfect for color accurate work and has loud, extremely good speakers. Attending calls and multitasking is super intuitive and with macOS Big Sur the whole system is snappy. It’s so good, that I almost never shut it down, it instantly wakes up from sleep and I’m ready to get going!Really there are only some minor inconveniences here: There are only two Thunderbolt ports and a headphone jack. That is a limitation at times.It’s a bit heavy at 1.4kg but if most of your work is mostly desk orientated, then it shouldn’t be a problem.Another “issue” is the app compatibility thing with M1. Since these Macs are now ARM based and not x64 like their Intel counterparts, you may run into some silly stuff occasionally. But that’s part of the process. I’d suggest you check in advance if your favorite and essential apps are working with these Silicon macs.Overall, anyone looking to upgrade their experience to a whole new level, look no further!I have been loving this machine so much that I doubt that I’m ever returning back to Windows!",B08N5WRWNW_3,unknown,15 April 2021,2021-04-15T00:00:00,B08N5WRWNW,amazon,serpapi_amazon_product,parsed
amazon_B08N5WRWNW,3.0,,the m1 macbook pro is a different beast altogether superior performance in terms of graphics rendering app opening and system turn on and most importantly out of the world battery life the thermal performance is way better than the intel chips based macbook pros despite playing graphics intensive games asphalt 9 while copying files from an external hard drive still didn t trigger the fans to go high speed so far a great experience only wish it came in 16 screen size,"The M1 MacBook Pro is a different beast altogether. Superior performance in terms of Graphics rendering, app opening and system turn on and most importantly Out of the world battery life. The thermal performance is way better than the intel chips based MacBook pros , despite playing Graphics intensive games (Asphalt 9) while copying files from an external hard drive , still didn’t trigger the fans to go high speed … so far a great experience. Only wish it came in 16"" screen size",B08N5WRWNW_4,unknown,11 July 2021,2021-07-11T00:00:00,B08N5WRWNW,amazon,serpapi_amazon_product,parsed
amazon_B08N5WRWNW,3.0,,battery life not able to kill it in a day even after intensive work including editing in final cut pro thickness weight management is perfect not at all bulky its a very powerful and light machineram management just perfect 8gb is sufficient i am able to open around 60 to 90 tabs in safari plus final cut pro plus microsoft word excel and using side car with ipad all at once and not even a single lag or drop its butter smooth performance in editing editing 8k videos hdr content in final cut pro butter smooth editing experience even in best quality mode only render time suffers during exporting hdr 4k video file if you are exporting no hdr file then rendering and exporting is hyper fast so m1 chip is really making everything seems so fluid and fast comparison with other laptops this laptop has spoiled me i tried to go back to windows for a work but made me realise as if i am using some old machine from past windows laptop that i was using was also launched this year with latest specifications final conclusion if you do lots of editinggo for pro model if your budget allowsdont stretch your budget if you can afford macbook air m1only if you need consistent high performance for prolonged period then buy this pro model else go with macbook air modelboth are equally powerful cons less portsthats it,"Battery life : not able to kill it in a day even after intensive work ( including editing in final cut pro )Thickness: weight management is perfect, not at all bulky. Its a very powerful and light machineRam management:Just perfect. 8gb is sufficient. I am able to open around 60 to 90 tabs in safari plus final cut pro plus Microsoft word, excel and using side car with ipad all at once and not even a single lag or drop its butter smooth.Performance in editing:Editing 8k videos HDR content in final cut pro. Butter smooth editing experience even in best quality mode.Only render time suffers during exporting HDR 4k video file.If you are exporting no HDR file then rendering and exporting is hyper fast.So M1 chip is really making everything seems so fluid and fast.Comparison with other laptops:This laptop has spoiled me.I tried to go back to windows for a work but made me realise as if i am using some old machine from past. ( windows laptop that i was using was also launched this year with latest specifications)Final conclusion:If you do lots of editingGo for Pro model if your budget allowsDont stretch your budget if you can afford macbook air M1Only if you need consistent high performance for prolonged period then buy this pro model else go with macbook air modelBoth are equally powerful.Cons:Less portsThats it.",B08N5WRWNW_5,unknown,15 April 2021,2021-04-15T00:00:00,B08N5WRWNW,amazon,serpapi_amazon_product,parsed
amazon_B08N5WRWNW,3.0,,i bought a 512 gb 8 gb mac model space grey macbook pro m1 great product faster than many mac models front camera though looks blurry in medium low light and that is a total disappointment when you are spending a huge amount on apple devices it is so blurry even your 2013 mac model would look better in front of it battery life though is really good and apple s tall claims of 20 hours of battery life are pretty much good the only problem is they are using a simulator rosetta for lot of applications which may or may not be simulating it perfectly i haven t found a problem as of now but read a lot of reviews on youtube not tested the gaming environment for now so no comments on that i would recommend to wait for some new mac model with improvements to the m1 chip also i recently bought this and i m pretty new to exploring the mac environment myself amazon did put a price drop on this within a week and now they do not agree to match the price really sad when you buy products like these and the price drop and they are not ready to match it instead they suggest to place another order and return the existing order which i think is downright insane overall product is fine though if not for amazon sucky price match policy disappointed with amazon though on this part,"I bought a 512 GB / 8 GB MAC model (Space Grey) Macbook Pro M1. Great product, faster than many MAC models. Front camera though looks blurry in medium/low light and that is a total disappointment when you are spending a huge amount on Apple devices. It is so blurry even your 2013 Mac model would look better in front of it. Battery life though is really good and Apple's tall claims of 20 hours of battery life are pretty much good. The only problem is they are using a simulator Rosetta for lot of applications which may or may not be simulating it perfectly. I haven't found a problem as of now but read a lot of reviews on YouTube. Not tested the gaming environment for now, so no comments on that. I would recommend to wait for some new MAC model with improvements to the M1 chip.Also, I recently bought this and I'm pretty new to exploring the MAC environment myself, Amazon did put a price drop on this within a week and now they do not agree to match the price. Really sad when you buy products like these and the price drop and they are not ready to match it, instead they suggest to place another order and return the existing order which I think is downright insane.Overall product is fine though, if not for Amazon sucky price match policy. Disappointed with Amazon though on this part.",B08N5WRWNW_6,unknown,2 May 2021,2021-05-02T00:00:00,B08N5WRWNW,amazon,serpapi_amazon_product,parsed
