timestamp,platform,product_id,trust_score,fraud_score
2026-03-22T17:23:34.610211+00:00,amazon,B00C3GBCIS,88.3,11.7
2026-03-22T17:31:05.048380+00:00,amazon,B00C3GBCIS,88.3,11.7
2026-03-22T17:37:22.606896+00:00,amazon,B00C3GBCIS,88.3,11.7
2026-03-22T17:39:54.497293+00:00,amazon,B00C3GBCIS,88.3,11.7
2026-03-22T17:40:42.248036+00:00,amazon,B00C3GBCIS,88.3,11.7
2026-03-22T17:45:54.830116+00:00,amazon,B00C3GBCIS,88.3,11.7
2026-03-22T17:46:36.289143+00:00,amazon,B0BRJ7QX33,88.3,11.7
2026-03-22T17:50:45.752507+00:00,amazon,B0BRJ7QX33,88.3,11.7
2026-03-22T18:01:09.199990+00:00,amazon,B00C3GBCIS,88.3,11.7
2026-03-22T18:02:34.379051+00:00,amazon,https://www.amazon.in/Accessories-Pockets-Compatible-Samsung-Notbooks/dp/B0BRJ7QX33,88.3,11.7
2026-03-22T18:13:19.358688+00:00,amazon,https://www.amazon.in/Ant-Esports-Ergonomic-Software-Switches/dp/B0DK7CJT2G?pd_rd_i=B0DK7CJT2G&pd_rd_w=ro5aj&content-id=amzn1.sym.e7e780f2-d0f3-4dee-a233-ce5cea9c3570&pf_rd_p=e7e780f2-d0f3-4dee-a233-ce5cea9c3570&pf_rd_r=7KJNVQ1C9VQANDN23VR5&pd_rd_wg=F2JKY&pd_rd_r=e371962b-b506-4876-8c4e-6c6c7ec65c09&th=1,91.2,8.8
2026-03-22T18:13:48.633398+00:00,amazon,https://www.amazon.in/Ant-Esports-Ergonomic-Software-Switches/dp/B0DK7CJT2G?pd_rd_i=B0DK7CJT2G&pd_rd_w=ro5aj&content-id=amzn1.sym.e7e780f2-d0f3-4dee-a233-ce5cea9c3570&pf_rd_p=e7e780f2-d0f3-4dee-a233-ce5cea9c3570&pf_rd_r=7KJNVQ1C9VQANDN23VR5&pd_rd_wg=F2JKY&pd_rd_r=e371962b-b506-4876-8c4e-6c6c7ec65c09&th=1,91.2,8.8
2026-03-22T18:18:28.319237+00:00,amazon,https://www.amazon.com/GDKLXL-Rechargeable-Electric-Razor-Hypoallergenic/dp/B0GK13SJH4?s=hpc&tag=reviewdetector-20,91.2,8.8
2026-03-22T18:18:31.351654+00:00,amazon,https://www.amazon.com/GDKLXL-Rechargeable-Electric-Razor-Hypoallergenic/dp/B0GK13SJH4?s=hpc&tag=reviewdetector-20,91.2,8.8
2026-03-22T18:20:13.037793+00:00,amazon,https://www.amazon.in/Ant-Esports-Ergonomic-Software-Switches/dp/B0DK7CJT2G?pd_rd_i=B0DK7CJT2G&pd_rd_w=ro5aj&content-id=amzn1.sym.e7e780f2-d0f3-4dee-a233-ce5cea9c3570&pf_rd_p=e7e780f2-d0f3-4dee-a233-ce5cea9c3570&pf_rd_r=7KJNVQ1C9VQANDN23VR5&pd_rd_wg=F2JKY&pd_rd_r=e371962b-b506-4876-8c4e-6c6c7ec65c09&th=1,91.2,8.8
2026-03-22T18:23:20.479196+00:00,amazon,https://www.amazon.in/dp/B0FKZYZTMR?aref=hAQCCnGns4&sp_csd=d2lkZ2V0TmFtZT1zcF9taXNzaW9uX2JsZW5kZWQ&th=1,91.2,8.8
2026-03-22T18:27:11.005610+00:00,amazon,https://www.amazon.in/dp/B0FKZYZTMR?aref=hAQCCnGns4&sp_csd=d2lkZ2V0TmFtZT1zcF9taXNzaW9uX2JsZW5kZWQ&th=1,91.2,8.8
2026-03-22T18:29:21.379982+00:00,amazon,https://www.amazon.in/Ant-Esports-Ergonomic-Software-Switches/dp/B0DK7CJT2G?pd_rd_i=B0DK7CJT2G&pd_rd_w=ro5aj&content-id=amzn1.sym.e7e780f2-d0f3-4dee-a233-ce5cea9c3570&pf_rd_p=e7e780f2-d0f3-4dee-a233-ce5cea9c3570&pf_rd_r=7KJNVQ1C9VQANDN23VR5&pd_rd_wg=F2JKY&pd_rd_r=e371962b-b506-4876-8c4e-6c6c7ec65c09&th=1,91.2,8.8
2026-03-22T18:32:13.324211+00:00,amazon,https://www.amazon.in/dp/B0BRJ7QX33,91.2,8.8
2026-03-22T18:34:07.146585+00:00,amazon,https://www.amazon.in/Ant-Esports-Ergonomic-Software-Switches/dp/B0DK7CJT2G?pd_rd_i=B0DK7CJT2G&pd_rd_w=ro5aj&content-id=amzn1.sym.e7e780f2-d0f3-4dee-a233-ce5cea9c3570&pf_rd_p=e7e780f2-d0f3-4dee-a233-ce5cea9c3570&pf_rd_r=7KJNVQ1C9VQANDN23VR5&pd_rd_wg=F2JKY&pd_rd_r=e371962b-b506-4876-8c4e-6c6c7ec65c09&th=1,92.7,7.3
2026-03-22T18:37:19.611553+00:00,amazon,https://www.amazon.in/Ant-Esports-Ergonomic-Software-Switches/dp/B0DK7CJT2G?pd_rd_i=B0DK7CJT2G&pd_rd_w=ro5aj&content-id=amzn1.sym.e7e780f2-d0f3-4dee-a233-ce5cea9c3570&pf_rd_p=e7e780f2-d0f3-4dee-a233-ce5cea9c3570&pf_rd_r=7KJNVQ1C9VQANDN23VR5&pd_rd_wg=F2JKY&pd_rd_r=e371962b-b506-4876-8c4e-6c6c7ec65c09&th=1,92.7,7.3
2026-03-22T18:38:35.413943+00:00,amazon,https://www.amazon.in/KLOSIA-Women-Printed-Anarkali-Dupatta/dp/B0FDW55HNT?crid=RGLF58TKCS1X&dib=eyJ2IjoiMSJ9.O098GZZoLZK-LEk8hALWF2UvyBIlt9U5_5LwuhHK7rjEgtm0lscogs9d73qQJI13sOyi-s6rc7yzwDEtTt8HJY7tArfiMYhJQFW_5p9RLtLfoSx1j9Szodn2PEsMgWH3s-pU4j1wYbd1nq2hbQUqy4XCk3L6J7v7feOnCke-8a5W9PskZ8LJikK4z4D2GRLM4qwPuMO6uhaYDhFOy-7y8_xStjfR7snwdVbV1UoFImlYdelhw4tWeIN1Np3CKzGcNWqvw3lKGKWD4QIlnYu_9e3fCNQ6aLFXyG0X2Qszmo4.0jtzojS9XpK0Z-NzNpchBdDgfkYkyYpzO7fW4S6CmGw&dib_tag=se&keywords=dresses%2Bfor%2Bwomen&qid=1774204668&sprefix=ress%2Caps%2C473&sr=8-5&th=1&psc=1,93.1,6.9
2026-03-22T18:41:09.055609+00:00,amazon,https://www.amazon.in/s?k=dresses+for+women&crid=RGLF58TKCS1X&sprefix=ress%2Caps%2C473&ref=nb_sb_ss_mvt-t11-ranker_ci_hl-bn-left_4_4,93.1,6.9
2026-03-22T18:43:41.989710+00:00,amazon,https://www.amazon.in/KLOSIA-Women-Printed-Anarkali-Dupatta/dp/B0FDW55HNT?crid=RGLF58TKCS1X&dib=eyJ2IjoiMSJ9.O098GZZoLZK-LEk8hALWF2UvyBIlt9U5_5LwuhHK7rjEgtm0lscogs9d73qQJI13sOyi-s6rc7yzwDEtTt8HJY7tArfiMYhJQFW_5p9RLtLfoSx1j9Szodn2PEsMgWH3s-pU4j1wYbd1nq2hbQUqy4XCk3L6J7v7feOnCke-8a5W9PskZ8LJikK4z4D2GRLM4qwPuMO6uhaYDhFOy-7y8_xStjfR7snwdVbV1UoFImlYdelhw4tWeIN1Np3CKzGcNWqvw3lKGKWD4QIlnYu_9e3fCNQ6aLFXyG0X2Qszmo4.0jtzojS9XpK0Z-NzNpchBdDgfkYkyYpzO7fW4S6CmGw&dib_tag=se&keywords=dresses%2Bfor%2Bwomen&qid=1774204668&sprefix=ress%2Caps%2C473&sr=8-5&th=1&psc=1,93.1,6.9
2026-03-22T18:46:19.748285+00:00,amazon,https://www.amazon.in/KLOSIA-Women-Printed-Anarkali-Dupatta/dp/B0FDW55HNT?crid=RGLF58TKCS1X&dib=eyJ2IjoiMSJ9.O098GZZoLZK-LEk8hALWF2UvyBIlt9U5_5LwuhHK7rjEgtm0lscogs9d73qQJI13sOyi-s6rc7yzwDEtTt8HJY7tArfiMYhJQFW_5p9RLtLfoSx1j9Szodn2PEsMgWH3s-pU4j1wYbd1nq2hbQUqy4XCk3L6J7v7feOnCke-8a5W9PskZ8LJikK4z4D2GRLM4qwPuMO6uhaYDhFOy-7y8_xStjfR7snwdVbV1UoFImlYdelhw4tWeIN1Np3CKzGcNWqvw3lKGKWD4QIlnYu_9e3fCNQ6aLFXyG0X2Qszmo4.0jtzojS9XpK0Z-NzNpchBdDgfkYkyYpzO7fW4S6CmGw&dib_tag=se&keywords=dresses%2Bfor%2Bwomen&qid=1774204668&sprefix=ress%2Caps%2C473&sr=8-5&th=1&psc=1,93.1,6.9
2026-03-22T18:48:06.131200+00:00,amazon,B0BRJ7QX33,93.1,6.9
2026-03-22T18:49:51.278135+00:00,amazon,B0FDW55HNT,93.1,6.9
2026-03-22T18:51:21.821703+00:00,amazon,B0FDW55HNT,93.1,6.9
2026-03-22T18:57:50.797077+00:00,amazon,B0BRJ7QX33,93.1,6.9
2026-03-22T18:59:21.273167+00:00,amazon,B0BRJ7QX33,93.1,6.9
2026-03-22T19:01:10.223345+00:00,amazon,B0FDW55HNT,93.1,6.9
2026-03-22T19:05:33.009002+00:00,amazon,B0FDW55HNT,93.1,6.9
2026-03-22T19:16:07.259758+00:00,amazon,B0FDW55HNT,86.9,13.1
2026-03-23T04:09:54.902134+00:00,amazon,B0CX96L5VZ,85.7,14.3
2026-03-23T04:21:18.291079+00:00,amazon,B0CX96L5VZ,85.7,14.3
2026-03-23T06:04:26.758841+00:00,amazon,B0CX96L5VZ,84.2,15.8
2026-03-27T09:14:28.279341+00:00,amazon,B0DRW1B9SC,84.2,15.8
2026-03-27T10:53:45.718095+00:00,amazon,B0B42TZWCG,84.2,15.8
2026-03-27T10:57:39.371475+00:00,amazon,B0B42TZWCG,84.2,15.8
